Model,Best Params,Accuracy,Specificity,Precision,Recall,F1,Precision_weighted,Recall_weighted,F1_weighted,Balanced_Accuracy,ROC_AUC,PR_AUC,Confusion Matrix
AdaBoost,"{'learning_rate': 1.0, 'n_estimators': 200}",0.9673722355809936,0.9931985203798721,0.5763008307826848,0.2551296941540844,0.353683080638669,0.9596260362909153,0.9673722355809936,0.9612335742889956,0.6241641072669782,0.8350059428540515,0.3546859849450509,"[[141500, 969], [3848, 1318]]"
