Model,Accuracy,Specificity,Precision,Recall,F1,Precision_weighted,Recall_weighted,F1_weighted,Balanced_Accuracy,ROC_AUC,PR_AUC,Confusion Matrix
AdaBoost,0.9672909540420632,0.9931564059549797,0.5736773065150853,0.25396825396825395,0.3520729907419831,0.9594943989382422,0.9672909540420632,0.9611370002577456,0.6235623299616169,0.8336814132127071,0.3550866390603517,"[[141494, 975], [3854, 1312]]"
