Model,Best Params,Accuracy,Specificity,Precision,Recall,F1,Precision_weighted,Recall_weighted,F1_weighted,Balanced_Accuracy,Confusion Matrix
AdaBoost,{'n_estimators': 200},0.9599620686151658,0.9808800510988356,0.42079523708271316,0.38308168795973674,0.40105380484344916,0.9582155440930188,0.9599620686151658,0.9590553635716436,0.6819808695292862,"[[139745, 2724], [3187, 1979]]"
AdaBoost,"{'learning_rate': 1.0, 'n_estimators': 200}",0.9599620686151658,0.9808800510988356,0.42079523708271316,0.38308168795973674,0.40105380484344916,0.9582155440930188,0.9599620686151658,0.9590553635716436,0.6819808695292862,"[[139745, 2724], [3187, 1979]]"
