Model,Best Params,Accuracy,Specificity,Precision,Recall,F1-score,Confusion Matrix
AdaBoost,{'n_estimators': 200},0.9625088901683205,0.3772744870305846,0.9593375605691559,0.9625088901683205,0.9607813265992826,"[[140151, 2318], [3217, 1949]]"
AdaBoost,"{'learning_rate': 1.0, 'n_estimators': 200}",0.9625088901683205,0.3772744870305846,0.9593375605691559,0.9625088901683205,0.9607813265992826,"[[140151, 2318], [3217, 1949]]"
AdaBoost,"{'algorithm': 'SAMME', 'learning_rate': 0.5, 'n_estimators': 200}",0.9523690181867444,0.4140534262485482,0.956545478514427,0.9523690181867444,0.9543463708009426,"[[138464, 4005], [3027, 2139]]"
