Set,Model,Accuracy,Balanced_Accuracy,Precision,Recall,F1,Specificity,ROC_AUC,PR_AUC
Training,DecisionTree,0.997287045708787,0.9924642125421366,0.9984716287488864,0.9852299844629251,0.9918046931888741,0.999698440621348,0.9999577267896378,0.9997616403899559
Validation,DecisionTree,0.9619469522367552,0.9308557213635158,0.8864951844514914,0.8842192121247916,0.8813259729466717,0.97749223060224,0.9362140688388962,0.8131912253713542
Test,DecisionTree,0.9600433501540963,0.7323926431963884,0.4364928088719459,0.4876113046844754,0.46063820060345617,0.9771739817083015,0.7389848394238909,0.23916299776875835
