Model,Best Params,Accuracy,Specificity,Precision,Recall,F1,Precision_weighted,Recall_weighted,F1_weighted,Balanced_Accuracy,ROC_AUC,PR_AUC,Confusion Matrix
DecisionTree,"{'max_depth': None, 'min_samples_split': 5}",0.9616825278558607,0.9778337743649496,0.45785407725321886,0.516260162601626,0.4853061595851151,0.9640238503926857,0.9616825278558607,0.9627868374485159,0.7470469684832878,0.7621291038265874,0.28178075305278394,"[[139311, 3158], [2499, 2667]]"
DecisionTree,"{'criterion': 'entropy', 'max_depth': None, 'min_samples_split': 5, 'splitter': 'best'}",0.9630507670945236,0.9793288364486309,0.47420103552936976,0.5141308555942702,0.49335933872016347,0.9645479412445922,0.9630507670945236,0.9637689168902827,0.7467298460214505,0.7621500469078009,0.29138989967023,"[[139524, 2945], [2510, 2656]]"
DecisionTree,"{'criterion': 'entropy', 'max_depth': None, 'max_leaf_nodes': None, 'min_samples_leaf': 1, 'min_samples_split': 5, 'splitter': 'best'}",0.9630507670945236,0.9793288364486309,0.47420103552936976,0.5141308555942702,0.49335933872016347,0.9645479412445922,0.9630507670945236,0.9637689168902827,0.7467298460214505,0.7621500469078009,0.29138989967023,"[[139524, 2945], [2510, 2656]]"
