Model,Accuracy,Specificity,Precision,Recall,F1,Precision_weighted,Recall_weighted,F1_weighted,Balanced_Accuracy,ROC_AUC,PR_AUC,Confusion Matrix
DecisionTree,0.9621566701662885,0.9787532726417677,0.46263092490679925,0.5044521873790166,0.4826372812297435,0.9637994535287494,0.9621566701662885,0.9629438701080518,0.7416027300103922,0.7549445040005673,0.27860736715588624,"[[139442, 3027], [2560, 2606]]"
