Model,Best Params,Accuracy,Specificity,Precision,Recall,F1-score,Confusion Matrix
KNN,"{'n_neighbors': 3, 'weights': 'distance'}",0.8989738205710028,0.5087108013937283,0.952670458034091,0.8989738205710028,0.9218064533516983,"[[130092, 12377], [2538, 2628]]"
KNN,"{'algorithm': 'auto', 'n_neighbors': 3, 'weights': 'distance'}",0.8989738205710028,0.5087108013937283,0.952670458034091,0.8989738205710028,0.9218064533516983,"[[130092, 12377], [2538, 2628]]"
KNN,"{'algorithm': 'auto', 'n_neighbors': 3, 'p': 1, 'weights': 'distance'}",0.9323466657635384,0.48528842431281455,0.9553059700921913,0.9323466657635384,0.9423129897989106,"[[135140, 7329], [2659, 2507]]"
