Set,Model,Accuracy,Balanced_Accuracy,Precision,Recall,F1,Specificity,ROC_AUC,PR_AUC
Training,KNN,0.997666595014908,0.9934089316581934,0.9989643937066635,0.9870224557519368,0.9929562219979987,0.9997954075644501,0.9985864906468788,0.997527170217112
Validation,KNN,0.9684571185503756,0.9443595448972971,0.9031227930754889,0.9082133436727681,0.9053366874608344,0.9805057461218262,0.9745035768230226,0.917031959798576
Test,KNN,0.9663020286517425,0.7693085038879905,0.5171485006284791,0.5574912891986062,0.5365626455519329,0.9811257185773747,0.8119377999074977,0.4233464122366445
