Model,Best Params,Accuracy,Specificity,Precision,Recall,F1-score,Confusion Matrix
KNN,"{'n_neighbors': 3, 'weights': 'distance'}",0.8989738205710028,0.5087108013937283,0.952670458034091,0.8989738205710028,0.9218064533516983,"[[130092, 12377], [2538, 2628]]"
