Model,Accuracy,Specificity,Precision,Recall,F1,Precision_weighted,Recall_weighted,F1_weighted,Balanced_Accuracy,ROC_AUC,PR_AUC,Confusion Matrix
KNN,0.9623869678599248,0.976163235510883,0.46978922716627636,0.5824622531939605,0.5200933367902515,0.9667084902044651,0.9623869678599248,0.9643185989509591,0.7793127443524217,0.8158327327109274,0.4149726449887055,"[[139073, 3396], [2157, 3009]]"
