Model,Best Params,Accuracy,Specificity,Precision,Recall,F1,Precision_weighted,Recall_weighted,F1_weighted,Balanced_Accuracy,Confusion Matrix
NaiveBayes,{'var_smoothing': 1e-09},0.08162021200934738,0.05002491770139469,0.03509785049727302,0.9529616724738676,0.06770220929512964,0.9344186540608717,0.08162021200934738,0.09416906944091126,0.5014932950876312,"[[7127, 135342], [243, 4923]]"