Model,Best Parameters,Accuracy,Specificity,Precision,Recall,F1,Precision_weighted,Recall_weighted,F1_weighted,Balanced_Accuracy,ROC_AUC,PR_AUC,Confusion Matrix
NaiveBayes,"{""var_smoothing"": 1e-05}",0.8057168015714431,0.8158195818037608,0.09401650381521251,0.5271002710027101,0.15957103929209762,0.9484322861483021,0.8057168015714431,0.8645981365780548,0.6714599264032355,0.7660442922064234,0.22060136149290008,"[[116229, 26240], [2443, 2723]]"
