Set,Model,Accuracy,Balanced_Accuracy,Precision,Recall,F1,Specificity,ROC_AUC,PR_AUC
Training,NaiveBayes,0.765433759610141,0.669214995017716,0.3602089204571137,0.5248872706682731,0.4272277647174635,0.8135427193671588,0.7664790036204543,0.49470075083205367
Validation,NaiveBayes,0.765446322924624,0.6692230234813337,0.36022755973657633,0.5248885077862961,0.4272379802111166,0.8135575391763712,0.7664419010303963,0.49472058730435703
Test,NaiveBayes,0.8057168015714431,0.6714599264032355,0.09401650381521251,0.5271002710027101,0.15957103929209762,0.8158195818037608,0.7660442922064234,0.22060136149290008
