Model,Accuracy,Specificity,Precision,Recall,F1,Precision_weighted,Recall_weighted,F1_weighted,Balanced_Accuracy,ROC_AUC,PR_AUC,Confusion Matrix
NaiveBayes,0.8593219764960883,0.8721616632390204,0.12534216971617923,0.5052264808362369,0.2008542075493478,0.9499436986892011,0.8593219764960883,0.8976077443683078,0.6886940720376287,0.7677178310814657,0.20077118136563715,"[[124256, 18213], [2556, 2610]]"
