Model,Best Params,Accuracy,Specificity,Precision,Recall,F1-score,Confusion Matrix
NaiveBayes,{},0.081728587394588,0.9529616724738676,0.9344877197630229,0.081728587394588,0.09436559625849249,"[[7143, 135326], [243, 4923]]"
