Model,Best Params,Accuracy,Specificity,Precision,Recall,F1,Precision_weighted,Recall_weighted,F1_weighted,Balanced_Accuracy,ROC_AUC,PR_AUC,Confusion Matrix
NaiveBayes,{'var_smoothing': 1e-07},0.8596200088055,0.8724915595673445,0.12549944639676502,0.5046457607433217,0.20101006206869965,0.9499340478204386,0.8596200088055,0.8977846665638762,0.6885686601553331,0.7680737669940284,0.20084681772397425,"[[124303, 18166], [2559, 2607]]"
