Model,Best Params,Accuracy,Specificity,Precision,Recall,F1,Precision_weighted,Recall_weighted,F1_weighted,Balanced_Accuracy,ROC_AUC,PR_AUC,Confusion Matrix
RandomForest,"{'max_depth': None, 'n_estimators': 200}",0.98142039489281,0.99792235503864,0.9018242122719735,0.5263259775454897,0.664710915535998,0.9802365241362244,0.98142039489281,0.9790474649299884,0.7621241662920648,0.9359180485520081,0.7321138787871844,"[[142173, 296], [2447, 2719]]"
RandomForest,"{'criterion': 'gini', 'max_depth': None, 'max_leaf_nodes': None, 'n_estimators': 200}",0.98142039489281,0.99792235503864,0.9018242122719735,0.5263259775454897,0.664710915535998,0.9802365241362244,0.98142039489281,0.9790474649299884,0.7621241662920648,0.9359180485520081,0.7321138787871844,"[[142173, 296], [2447, 2719]]"
RandomForest,"{'criterion': 'gini', 'max_depth': None, 'max_leaf_nodes': None, 'max_samples': None, 'min_samples_split': 2, 'n_estimators': 200}",0.98142039489281,0.99792235503864,0.9018242122719735,0.5263259775454897,0.664710915535998,0.9802365241362244,0.98142039489281,0.9790474649299884,0.7621241662920648,0.9359180485520081,0.7321138787871844,"[[142173, 296], [2447, 2719]]"
RandomForest,"{'bootstrap': False, 'criterion': 'gini', 'max_depth': None, 'max_leaf_nodes': None, 'max_samples': None, 'min_impurity_decrease': 0.0, 'min_samples_split': 2, 'n_estimators': 200}",0.982199342974227,0.9979855266759786,0.9077763496143959,0.5468447541618273,0.6825320125634211,0.9811416232454566,0.982199342974227,0.9800546257115026,0.772415140418903,0.9385395498974508,0.7406618857031462,"[[142182, 287], [2341, 2825]]"
