Set,Model,Accuracy,Balanced_Accuracy,Precision,Recall,F1,Specificity,ROC_AUC,PR_AUC
Training,RandomForest,0.9962298535723813,0.990134391142082,0.9963303065383755,0.9809912249430361,0.988598422092904,0.9992775573411279,0.9998607310710355,0.99936290444831
Validation,RandomForest,0.9777398481907902,0.945937257976089,0.9652205396472345,0.8982337799663291,0.9226374836076555,0.9936407359858488,0.9885109960214189,0.9712009081442492
Test,RandomForest,0.9747824025468216,0.7264109288188039,0.7184377838328792,0.45934959349593496,0.5603967410556145,0.9934722641416729,0.899800881624099,0.5777217499163143
