Model,Best Params,Accuracy,Specificity,Precision,Recall,F1,Precision_weighted,Recall_weighted,F1_weighted,Balanced_Accuracy,ROC_AUC,PR_AUC,Confusion Matrix
RandomForest,"{'criterion': 'gini', 'max_depth': None, 'max_leaf_nodes': None, 'n_estimators': 200}",0.9802147187320079,0.9982241750837024,0.9080334423845874,0.4835462640340689,0.6310471138057345,0.9790115646060933,0.9802147187320079,0.9772802104237707,0.7408852195588856,0.9332709580330842,0.7171502169171498,"[[142216, 253], [2668, 2498]]"
RandomForest,"{'criterion': 'gini', 'max_depth': None, 'max_leaf_nodes': None, 'max_samples': None, 'n_estimators': 200}",0.9802011718088529,0.9982101369420716,0.9073737740646567,0.4835462640340689,0.6308877383508019,0.9789882363803197,0.9802011718088529,0.9772678487477385,0.7408782004880703,0.9328706930062314,0.7176703729472538,"[[142214, 255], [2668, 2498]]"
RandomForest,"{'criterion': 'gini', 'max_depth': None, 'max_leaf_nodes': None, 'max_samples': None, 'min_samples_split': 2, 'n_estimators': 200}",0.98324,0.9987274220032841,0.8904593639575972,0.39375,0.5460455037919827,0.9818999228439076,0.98324,0.9800597233908702,0.696238711001642,0.8909144730090311,0.5739232551658033,"[[24329, 31], [388, 252]]"
RandomForest,"{'criterion': 'gini', 'max_depth': None, 'max_leaf_nodes': None, 'max_samples': None, 'min_samples_split': 2, 'n_estimators': 200}",0.98324,0.9987274220032841,0.8904593639575972,0.39375,0.5460455037919827,0.9818999228439076,0.98324,0.9800597233908702,0.696238711001642,0.8909144730090311,0.5739232551658033,"[[24329, 31], [388, 252]]"
RandomForest,"{'bootstrap': False, 'criterion': 'gini', 'max_depth': None, 'max_leaf_nodes': None, 'max_samples': None, 'min_impurity_decrease': 0.0, 'min_samples_split': 2, 'n_estimators': 200}",0.98372,0.9986453201970443,0.8896321070234113,0.415625,0.5665601703940362,0.9824211063720086,0.98372,0.9808205176841965,0.7071351600985222,0.9048958333333333,0.6043690853533841,"[[24327, 33], [374, 266]]"
RandomForest,"{'bootstrap': False, 'criterion': 'entropy', 'max_depth': None, 'max_leaf_nodes': None, 'max_samples': None, 'min_impurity_decrease': 0.0, 'min_samples_split': 2, 'n_estimators': 200}",0.98368,0.9988916256157635,0.9055944055944056,0.4046875,0.5593952483801296,0.9825615124860573,0.98368,0.9806193813002111,0.7017895628078817,0.9051949276477832,0.6156483303624923,"[[24333, 27], [381, 259]]"
