Model,Accuracy,Specificity,Precision,Recall,F1,Precision_weighted,Recall_weighted,F1_weighted,Balanced_Accuracy,ROC_AUC,PR_AUC,Confusion Matrix
RandomForest,0.9817319741253768,0.9979995648176094,0.9062191510365252,0.5331010452961672,0.6712979890310786,0.9806211842369289,0.9817319741253768,0.9794318222911387,0.7655503050568884,0.9365131131745658,0.7286412368325969,"[[142184, 285], [2412, 2754]]"
