Model,Best Params,Accuracy,Specificity,Precision,Recall,F1,Precision_weighted,Recall_weighted,F1_weighted,Balanced_Accuracy,ROC_AUC,PR_AUC,Confusion Matrix
RandomForest,"{'criterion': 'gini', 'max_depth': None, 'max_leaf_nodes': None, 'n_estimators': 200}",0.9802147187320079,0.9982241750837024,0.9080334423845874,0.4835462640340689,0.6310471138057345,0.9790115646060933,0.9802147187320079,0.9772802104237707,0.7408852195588856,0.9332709580330842,0.7171502169171498,"[[142216, 253], [2668, 2498]]"
