Model,Best Params,Accuracy,Specificity,Precision,Recall,F1,Precision_weighted,Recall_weighted,F1_weighted,Balanced_Accuracy,ROC_AUC,PR_AUC,Confusion Matrix
RandomForest,"{'max_depth': None, 'n_estimators': 200}",0.9812578318149491,0.9971081428240529,0.8721687868445548,0.5441347270615563,0.6701633090952438,0.9797900866526531,0.9812578318149491,0.9791508374247858,0.7706214349428047,0.9385324825926025,0.7227952206577722,"[[142057, 412], [2355, 2811]]"
RandomForest,"{'criterion': 'gini', 'max_depth': None, 'max_leaf_nodes': None, 'n_estimators': 200}",0.9812578318149491,0.9971081428240529,0.8721687868445548,0.5441347270615563,0.6701633090952438,0.9797900866526531,0.9812578318149491,0.9791508374247858,0.7706214349428047,0.9385324825926025,0.7227952206577722,"[[142057, 412], [2355, 2811]]"
RandomForest,"{'criterion': 'gini', 'max_depth': None, 'max_leaf_nodes': None, 'max_samples': None, 'n_estimators': 200}",0.9812578318149491,0.9971081428240529,0.8721687868445548,0.5441347270615563,0.6701633090952438,0.9797900866526531,0.9812578318149491,0.9791508374247858,0.7706214349428047,0.9385324825926025,0.7227952206577722,"[[142057, 412], [2355, 2811]]"
RandomForest,"{'criterion': 'gini', 'max_depth': None, 'max_leaf_nodes': None, 'max_samples': None, 'min_samples_split': 2, 'n_estimators': 200}",0.9812578318149491,0.9971081428240529,0.8721687868445548,0.5441347270615563,0.6701633090952438,0.9797900866526531,0.9812578318149491,0.9791508374247858,0.7706214349428047,0.9385324825926025,0.7227952206577722,"[[142057, 412], [2355, 2811]]"
RandomForest,"{'bootstrap': False, 'criterion': 'gini', 'max_depth': None, 'max_leaf_nodes': None, 'max_samples': None, 'min_impurity_decrease': 0.0, 'min_samples_split': 2, 'n_estimators': 200}",0.9819216310495479,0.9976766875601008,0.8952200063311174,0.5474254742547425,0.6793993993993994,0.98071720844088,0.9819216310495479,0.9798056781006487,0.7725510809074216,0.939130883515661,0.7333943576167872,"[[142138, 331], [2338, 2828]]"
