Model,Accuracy,Specificity,Precision,Recall,F1,Precision_weighted,Recall_weighted,F1_weighted,Balanced_Accuracy,ROC_AUC,PR_AUC,Confusion Matrix
DecisionTree,0.9621566701662885,0.9787532726417677,0.46263092490679925,0.5044521873790166,0.4826372812297435,0.9637994535287494,0.9621566701662885,0.9629438701080518,0.7416027300103922,0.7549445040005673,0.27860736715588624,"[[139442, 3027], [2560, 2606]]"
NaiveBayes,0.8593219764960883,0.8721616632390204,0.12534216971617923,0.5052264808362369,0.2008542075493478,0.9499436986892011,0.8593219764960883,0.8976077443683078,0.6886940720376287,0.7677178310814657,0.20077118136563715,"[[124256, 18213], [2556, 2610]]"
KNN,0.9623869678599248,0.976163235510883,0.46978922716627636,0.5824622531939605,0.5200933367902515,0.9667084902044651,0.9623869678599248,0.9643185989509591,0.7793127443524217,0.8158327327109274,0.4149726449887055,"[[139073, 3396], [2157, 3009]]"
RandomForest,0.9817319741253768,0.9979995648176094,0.9062191510365252,0.5331010452961672,0.6712979890310786,0.9806211842369289,0.9817319741253768,0.9794318222911387,0.7655503050568884,0.9365131131745658,0.7286412368325969,"[[142184, 285], [2412, 2754]]"
AdaBoost,0.9672909540420632,0.9931564059549797,0.5736773065150853,0.25396825396825395,0.3520729907419831,0.9594943989382422,0.9672909540420632,0.9611370002577456,0.6235623299616169,0.8336814132127071,0.3550866390603517,"[[141494, 975], [3854, 1312]]"
XGBoost,0.9837504656754834,0.996399216671697,0.8647508568415502,0.6349206349206349,0.7322245786360085,0.9826145911539321,0.9837504656754834,0.9825442771500505,0.8156599257961659,0.945810396929759,0.7611081720070204,"[[141956, 513], [1886, 3280]]"
