Model,Accuracy,Specificity,Precision,Recall,F1,Precision_weighted,Recall_weighted,F1_weighted,Balanced_Accuracy,ROC_AUC,PR_AUC,Confusion Matrix
KNN,0.9663020286517425,0.9811257185773747,0.5171485006284791,0.5574912891986062,0.5365626455519329,0.9675761468207159,0.9663020286517425,0.9669106882942793,0.7693085038879905,0.8119377999074977,0.4233464122366445,"[[139780, 2689], [2286, 2880]]"
NaiveBayes,0.8057168015714431,0.8158195818037608,0.09401650381521251,0.5271002710027101,0.15957103929209762,0.9484322861483021,0.8057168015714431,0.8645981365780548,0.6714599264032355,0.7660442922064234,0.22060136149290008,"[[116229, 26240], [2443, 2723]]"
DecisionTree,0.9600433501540963,0.9771739817083015,0.4364928088719459,0.4876113046844754,0.46063820060345617,0.9622761088347741,0.9600433501540963,0.9611059778317774,0.7323926431963884,0.7389848394238909,0.23916299776875835,"[[139217, 3252], [2647, 2519]]"
RandomForest,0.9747824025468216,0.9934722641416729,0.7184377838328792,0.45934959349593496,0.5603967410556145,0.9714735727331693,0.9747824025468216,0.972090638963856,0.7264109288188039,0.899800881624099,0.5777217499163143,"[[141539, 930], [2793, 2373]]"
AdaBoost,0.968733701358079,0.9949603071545389,0.6384692849949648,0.2454510259388308,0.354586129753915,0.9615229354480166,0.968733701358079,0.961955265863937,0.6202056665466849,0.8324283589352377,0.36495393812724364,"[[141751, 718], [3898, 1268]]"
XGBoost,0.9735834998475971,0.9888817918283977,0.6427604871447903,0.5516840882694541,0.59375,0.9718924331281018,0.9735834998475971,0.9726102155619233,0.770282940048926,0.9181587973439824,0.6293945738753792,"[[140885, 1584], [2316, 2850]]"
