Model,Best Parameters,Accuracy,Specificity,Precision,Recall,F1,Precision_weighted,Recall_weighted,F1_weighted,Balanced_Accuracy,ROC_AUC,PR_AUC,Confusion Matrix
XGBoost,"{""learning_rate"": 0.05, ""max_depth"": 15, ""min_child_weight"": 1, ""n_estimators"": 500, ""scale_pos_weight"": 4}",0.9738612117722762,0.9896047561223845,0.6530803466854064,0.5396825396825397,0.590990990990991,0.9718541777754923,0.9738612117722762,0.9726596983535529,0.7646436479024621,0.9150134913850905,0.6204799448593545,"[[140988, 1481], [2378, 2788]]"
