Model,Best Parameters,Accuracy,Specificity,Precision,Recall,F1,Precision_weighted,Recall_weighted,F1_weighted,Balanced_Accuracy,ROC_AUC,PR_AUC,Confusion Matrix
XGBoost,"{""learning_rate"": 0.05, ""max_depth"": 10, ""n_estimators"": 500, ""scale_pos_weight"": 5}",0.967588986351475,0.9826277997318715,0.5357343837929094,0.5528455284552846,0.5441554729922835,0.9680897172474593,0.967588986351475,0.9678343274817937,0.7677366640935781,0.9060967245567182,0.5837147722588568,"[[139994, 2475], [2310, 2856]]"
