Model,Best Parameters,Accuracy,Specificity,Precision,Recall,F1,Precision_weighted,Recall_weighted,F1_weighted,Balanced_Accuracy,ROC_AUC,PR_AUC,Confusion Matrix
XGBoost,"{""gamma"": 1.0, ""learning_rate"": 0.05, ""max_depth"": 15, ""min_child_weight"": 1, ""n_estimators"": 1000, ""scale_pos_weight"": 4, ""subsample"": 0.8}",0.9761845090933722,0.9921807551116383,0.7127385250128933,0.535036778939218,0.611233967271119,0.9738241480153331,0.9761845090933722,0.974542253330908,0.7636087670254281,0.9203188389412298,0.6434191363197626,"[[141355, 1114], [2402, 2764]]"
