Model,Best Params,Accuracy,Specificity,Precision,Recall,F1,Precision_weighted,Recall_weighted,F1_weighted,Balanced_Accuracy,ROC_AUC,PR_AUC,Confusion Matrix
NaiveBayes,{'var_smoothing': 1e-07},0.8596200088055,0.8724915595673445,0.12549944639676502,0.5046457607433217,0.20101006206869965,0.9499340478204386,0.8596200088055,0.8977846665638762,0.6885686601553331,0.7680737669940284,0.20084681772397425,"[[124303, 18166], [2559, 2607]]"
KNN,"{'algorithm': 'auto', 'n_neighbors': 3, 'p': 1, 'weights': 'distance'}",0.9627188674772242,0.9760790066610983,0.4739117011423279,0.5942702284165698,0.5273102026794916,0.9672621420029749,0.9627188674772242,0.964732985252797,0.7851746175388341,0.8245536449090444,0.42572520998546626,"[[139061, 3408], [2096, 3070]]"
DecisionTree,"{'criterion': 'entropy', 'max_depth': None, 'max_leaf_nodes': None, 'min_samples_leaf': 1, 'min_samples_split': 5, 'splitter': 'best'}",0.9630507670945236,0.9793288364486309,0.47420103552936976,0.5141308555942702,0.49335933872016347,0.9645479412445922,0.9630507670945236,0.9637689168902827,0.7467298460214505,0.7621500469078009,0.29138989967023,"[[139524, 2945], [2510, 2656]]"
RandomForest,"{'bootstrap': False, 'criterion': 'gini', 'max_depth': None, 'max_leaf_nodes': None, 'max_samples': None, 'min_impurity_decrease': 0.0, 'min_samples_split': 2, 'n_estimators': 200}",0.982199342974227,0.9979855266759786,0.9077763496143959,0.5468447541618273,0.6825320125634211,0.9811416232454566,0.982199342974227,0.9800546257115026,0.772415140418903,0.9385395498974508,0.7406618857031462,"[[142182, 287], [2341, 2825]]"
AdaBoost,"{'learning_rate': 1.0, 'n_estimators': 200}",0.9673722355809936,0.9931985203798721,0.5763008307826848,0.2551296941540844,0.353683080638669,0.9596260362909153,0.9673722355809936,0.9612335742889956,0.6241641072669782,0.8350059428540515,0.3546859849450509,"[[141500, 969], [3848, 1318]]"
XGBoost,"{'gamma': 0, 'learning_rate': 0.75, 'max_depth': 10, 'min_child_weight': 1, 'n_estimators': 200}",0.9835743556744674,0.9964132548133278,0.8642040924794048,0.629500580720093,0.7284130361742637,0.9824102898432934,0.9835743556744674,0.982324128388613,0.8129569177667104,0.9460435208423346,0.7588426529121884,"[[141958, 511], [1914, 3252]]"
