Model,Best Parameters,Accuracy,Specificity,Precision,Recall,F1,Precision_weighted,Recall_weighted,F1_weighted,Balanced_Accuracy,ROC_AUC,PR_AUC,Confusion Matrix
XGBoost,"{""learning_rate"": 0.05, ""max_depth"": 0, ""n_estimators"": 500, ""scale_pos_weight"": 5}",0.9696413452094693,0.9858284960236964,0.5724269377382465,0.5232288037166086,0.5467233009708737,0.9684072853484544,0.9696413452094693,0.9689833653381323,0.7545286498701524,0.9126477051427863,0.5894707595077431,"[[140450, 2019], [2463, 2703]]"
