Model,Best Parameters,Accuracy,Specificity,Precision,Recall,F1,Precision_weighted,Recall_weighted,F1_weighted,Balanced_Accuracy,ROC_AUC,PR_AUC,Confusion Matrix
XGBoost,"{""learning_rate"": 0.05, ""max_depth"": 10, ""n_estimators"": 500, ""scale_pos_weight"": 2}",0.9759474379381583,0.9947988685257846,0.7607361963190185,0.45605884630274873,0.5702529347694542,0.9728667805407265,0.9759474379381583,0.9730228335659443,0.7254288574142667,0.9079500262375475,0.5915160772007457,"[[141728, 741], [2810, 2356]]"
