Model,Accuracy,Specificity,Precision,Recall,F1,Precision_weighted,Recall_weighted,F1_weighted,Balanced_Accuracy,ROC_AUC,PR_AUC,Confusion Matrix
XGBoost,0.9837504656754834,0.996399216671697,0.8647508568415502,0.6349206349206349,0.7322245786360085,0.9826145911539321,0.9837504656754834,0.9825442771500505,0.8156599257961659,0.945810396929759,0.7611081720070204,"[[141956, 513], [1886, 3280]]"
