Model,Best Params,Accuracy,Specificity,Precision,Recall,F1,Precision_weighted,Recall_weighted,F1_weighted,Balanced_Accuracy,ROC_AUC,PR_AUC,Confusion Matrix
XGBoost,"{'max_depth': 10, 'n_estimators': 200}",0.9836217699055102,0.9979644694635325,0.9128605769230769,0.5880758807588076,0.7153284671532847,0.9827205033508614,0.9836217699055102,0.9819022289032693,0.7930201751111701,0.9500236464968544,0.7701102142790658,"[[142179, 290], [2128, 3038]]"
XGBoost,"{'learning_rate': 0.75, 'max_depth': 10, 'min_child_weight': 1, 'n_estimators': 200}",0.9835743556744674,0.9964132548133278,0.8642040924794048,0.629500580720093,0.7284130361742637,0.9824102898432934,0.9835743556744674,0.982324128388613,0.8129569177667104,0.9460435208423346,0.7588426529121884,"[[141958, 511], [1914, 3252]]"
XGBoost,"{'gamma': 0, 'learning_rate': 0.75, 'max_depth': 10, 'min_child_weight': 1, 'n_estimators': 200}",0.9835743556744674,0.9964132548133278,0.8642040924794048,0.629500580720093,0.7284130361742637,0.9824102898432934,0.9835743556744674,0.982324128388613,0.8129569177667104,0.9460435208423346,0.7588426529121884,"[[141958, 511], [1914, 3252]]"
