Model,Best Params,Accuracy,Specificity,Precision,Recall,F1,Precision_weighted,Recall_weighted,F1_weighted,Balanced_Accuracy,Confusion Matrix
XGBoost,"{'gamma': 0, 'learning_rate': 0.75, 'max_depth': 10, 'min_child_weight': 1, 'n_estimators': 200}",0.9853422291462052,0.9977188019849932,0.9110076670317634,0.6440185830429733,0.7545928782036743,0.9845605915428682,0.9853422291462052,0.9841226373216516,0.8208686925139832,"[[142144, 325], [1839, 3327]]"
