Model,Best Params,Accuracy,Specificity,Precision,Recall,F1,Precision_weighted,Recall_weighted,F1_weighted,Balanced_Accuracy,Confusion Matrix
XGBoost,"{'gamma': 0, 'learning_rate': 0.5, 'max_depth': 10, 'min_child_weight': 1, 'n_estimators': 200}",0.9852609476072747,0.9982101369420716,0.9271428571428572,0.6281455671699574,0.7489037618278329,0.9845891833674042,0.9852609476072747,0.9838870272450029,0.8131778520560144,"[[142214, 255], [1921, 3245]]"
