Model,Best Parameters,Accuracy,Specificity,Precision,Recall,F1,Precision_weighted,Recall_weighted,F1_weighted,Balanced_Accuracy,ROC_AUC,PR_AUC,Confusion Matrix
XGBoost,"{""max_depth"": 10, ""n_estimators"": 500}",0.9781081721813933,0.9958376910064646,0.8099358974358974,0.489159891598916,0.6099444846729423,0.9757272395852663,0.9781081721813933,0.9754834164297057,0.7424987913026903,0.9143081637633297,0.6347172526762592,"[[141876, 593], [2639, 2527]]"
XGBoost,"{""max_depth"": 30, ""n_estimators"": 500}",0.9755207098587734,0.99272824263524,0.7141280353200883,0.5009678668215254,0.5888509670079636,0.9727218437711921,0.9755207098587734,0.9734394310837247,0.7468480547283827,0.9100234028266725,0.6086511653690866,"[[141433, 1036], [2578, 2588]]"
XGBoost,"{""learning_rate"": 0.01, ""max_depth"": 30, ""min_child_weight"": 1, ""n_estimators"": 500}",0.9754868425508856,0.9950375169335084,0.7612293144208038,0.4363143631436314,0.5546942291128337,0.9722213086641692,0.9754868425508856,0.9722555337165036,0.7156759400385699,0.907689251316423,0.5848423583868753,"[[141762, 707], [2912, 2254]]"
XGBoost,"{""learning_rate"": 0.1, ""max_depth"": 20, ""min_child_weight"": 1, ""n_estimators"": 500}",0.9772208487147357,0.9950936695000316,0.781630740393627,0.4843205574912892,0.5980638221584798,0.9745598785633101,0.9772208487147357,0.9746240004517931,0.7397071134956604,0.916991409426349,0.6281677855069046,"[[141770, 699], [2664, 2502]]"
